    Name;         Email ;       Phone Number
Mike Fotso;mike@helpinghands.cm;659-432-668
James Landry;james@helpinghands.cm;699-452-255
Joel kevin;joel@helpinghands.cm;677-992-232
Guy Herve;guy@helpinghands.cm;681-231-431
Manu Austin;manu@helpinghands.cm;695-321-213
William max;willy@helpinghands.cm;6522-291-311
Jason Marvis;jason@helpinghands.cm;672-221-443
Glen Maxwell;glen@helpinghands.cm;667-221-713
Ngu Henry;ngu@helpinghands.cm;696-554-999
Bruce Ernst;bruce@helpinghands.cm;694-327-525
Steve ndongo;steve@helpinghands.cm;698-753-006
John kudlow;john@helpinghands.cm;695-321-030
Alex enonchong;alex@helpinghands.cm;684-164-803
Laura  kwi;laura@helpinghands.cm;697-741-202
Joshua Selman;joshua@helpinghands.cm;699-729-888
Diane Kenne;kenne@helpinghands.cm;651-761-041
Frank Justin;frank@helpinghands.cm;675-550-283
Mario Meva;mario@helpinghands.cm;696-001-403
Paul Jesus;paul@helpinghands.cm;668-350-925
Wallis Junior;wallis@helpinghands.cm;655-000-974
Mathew Nkongho;matt@helpinghands.cm;697-309-123
Shanta Vollman;shanta@helpinghands.cm;696-127-662
Adam Schiff;adam@helpinghands.cm;654-556-111
Dany Jores;dany@helpinghands.cm;661-777-205
Quincy Douglas;quincy@helpinghands.cm;652-444-240
Barr William;barr@helpinghands.cm;690-241-888
Max Tin;max@helpinghands.cm;688-802-222
Don Nfongang;don@helpinghands.cm;677-333-444
Fred Patrice;fred@helpinghands.cm;697-555-113
Boni Royce;boni@helpinghands.cm;653-040-999
